{
  "config": {
    "test_size": 0.15,
    "val_size": 0.15,
    "random_state": 42,
    "viral_quantile": 0.75,
    "device": "cpu",
    "y2_cap_quantile": 0.99
  },
  "results": {
    "classification": {
      "pos_rate_train": 0.251963963963964,
      "pos_rate_test": 0.25189171010593575,
      "chosen_threshold": 0.6,
      "val_best_f1_macro": 0.6363943162916764,
      "mlp": {
        "accuracy": 0.724062552547503,
        "f1_macro": 0.6367213843873565,
        "confusion_matrix": [
          [
            3611,
            838
          ],
          [
            803,
            695
          ]
        ]
      },
      "train_history": {
        "train_loss": [
          0.9928099513053894,
          0.956357418397151,
          0.944528072252186,
          0.9350952659178218,
          0.9272555304229806,
          0.920308002091329,
          0.9138964327103501,
          0.9097829461097717,
          0.9056395751620652,
          0.9010979008237157,
          0.8973973229390766,
          0.8902712721343434,
          0.8881765319666731,
          0.8845682849577807,
          0.8827376125055716,
          0.8706902090562593,
          0.8661916780909267,
          0.863377071848703,
          0.8581763544213881,
          0.858810519406555,
          0.8550958813877281,
          0.8483873676816258,
          0.8492676626651658,
          0.8445588700268247,
          0.8456496705702685,
          0.8416535542645586,
          0.8407181698247927,
          0.8379566379643362,
          0.8376616162991305,
          0.8372027775563231,
          0.8357354572059912,
          0.8333863419130307,
          0.8362698691700576,
          0.8309998244320581,
          0.8308050873082712
        ],
        "val_loss": [
          0.9667263229688009,
          0.9551110565662384,
          0.9452785179018974,
          0.9419403572877248,
          0.9388237943251928,
          0.9377331957221031,
          0.9343967884778976,
          0.9331622123718262,
          0.9311275954047838,
          0.9325952877600988,
          0.9341727768381437,
          0.9311565657456716,
          0.940987432996432,
          0.9396818652749062,
          0.9372411097089449,
          0.9345722049474716,
          0.939100538690885,
          0.9376348331570625,
          0.9485219866037369,
          0.9430570726593336,
          0.9418894574046135,
          0.9429853980739912,
          0.9452058300375938,
          0.9448073208332062,
          0.9447303215662638,
          0.9461463540792465,
          0.9460609182715416,
          0.9462215503056844,
          0.9475394388039907,
          0.9480207040905952,
          0.9490980952978134,
          0.951332022746404,
          0.9508232648173968,
          0.9496453329920769,
          0.9489822487036387
        ],
        "best_f1_macro_val": 0.6363943162916764
      }
    },
    "regression": {
      "mlp": {
        "r2_y1": 0.16340260050084876,
        "rmse_y1": 0.8473433996407902,
        "mae_y1": 0.6297193130783821,
        "r2_y2": 0.16456440688219487,
        "rmse_y2": 0.8278749089149875,
        "mae_y2": 0.6253015805985124,
        "r2_y3": 0.19865344060301438,
        "rmse_y3": 0.25747620928375275,
        "mae_y3": 0.21506914434167773,
        "r2_mean": 0.175540149328686
      },
      "train_history": {
        "train_loss": [
          0.930242528062348,
          0.8674652942823707,
          0.8556207538744726,
          0.8448188015080373,
          0.8365909757964108,
          0.8267952427951568,
          0.8207757647978057,
          0.8157599251204675,
          0.815215303263533,
          0.8066513259476478,
          0.799695103540333,
          0.8030382258082749,
          0.7922434429509924,
          0.787838233720272,
          0.783376664743511,
          0.7837216345542067,
          0.771179481930689,
          0.7654832388282916,
          0.7644887282214033,
          0.7611270913290321,
          0.7583810446459219,
          0.7531213049494893,
          0.7471973573395966,
          0.7468685731975311,
          0.7458645772496495,
          0.7432725019411209,
          0.7432950155450664,
          0.7402468575250118,
          0.7364649827327203,
          0.7352895468746851,
          0.7373020944245364,
          0.7350236636783005,
          0.7337978230703861,
          0.7306242809383148,
          0.7342202657953315
        ],
        "val_loss": [
          0.8635050356388092,
          0.8544370333353678,
          0.8417206133405367,
          0.8367210651437441,
          0.8307483320434889,
          0.8272358054916064,
          0.8293977379798889,
          0.8260984892646471,
          0.8256751721103986,
          0.8216654310623804,
          0.8252091730634371,
          0.825385977824529,
          0.827107643087705,
          0.8286120966076851,
          0.8230067864060402,
          0.8249328633149465,
          0.8255670716365179,
          0.825556700428327,
          0.8273099039991697,
          0.8271364495158195,
          0.8281684617201487,
          0.8284046823779742,
          0.8297136078278223,
          0.8300826475024223,
          0.8318225468198458,
          0.8313860048850378,
          0.8321573436260223,
          0.8336061189572016,
          0.8339770634969076,
          0.8327720984816551,
          0.8336804459492365,
          0.8336827407280604,
          0.83472457776467,
          0.8345667297641436,
          0.8345361178119978
        ]
      }
    }
  }
}