{
  "protocol": "A_same_split",
  "config": {
    "test_size": 0.15,
    "val_size": 0.15,
    "random_state": 42,
    "viral_quantile": 0.75,
    "cap_quantile": 0.99
  },
  "results": {
    "classification": {
      "pos_rate_train": 0.251963963963964,
      "pos_rate_test": 0.25189171010593575,
      "baseline": {
        "accuracy": 0.6499075163948209,
        "f1_macro": 0.6087421863169824,
        "confusion_matrix": [
          [
            2897,
            1552
          ],
          [
            530,
            968
          ]
        ]
      },
      "mlp": {
        "accuracy": 0.7116193038506811,
        "f1_macro": 0.62765890840529,
        "confusion_matrix": [
          [
            3528,
            921
          ],
          [
            794,
            704
          ]
        ]
      },
      "chosen_threshold": 0.3,
      "val_best_f1_macro": 0.6217686781764724
    },
    "regression": {
      "baseline": {
        "r2_y1": 0.12151998457976987,
        "rmse_y1": 0.8682946773868797,
        "mae_y1": 0.6444520885072107,
        "r2_y2": 0.1233673801618107,
        "rmse_y2": 0.8480413850254562,
        "mae_y2": 0.6376924214806065,
        "r2_y3": 0.1505076971876238,
        "rmse_y3": 0.2650981166200627,
        "mae_y3": 0.22275999050414808,
        "r2_mean": 0.13179835397640147
      },
      "mlp": {
        "r2_y1": 0.13431206544785967,
        "rmse_y1": 0.8619496111017227,
        "mae_y1": 0.6333578854542764,
        "r2_y2": 0.13840261255270103,
        "rmse_y2": 0.8407375018049582,
        "mae_y2": 0.6256550547462214,
        "r2_y3": 0.16709859820960138,
        "rmse_y3": 0.26249661946632435,
        "mae_y3": 0.21913996548378822,
        "r2_mean": 0.14660442540338736
      }
    }
  }
}