{
  "protocol": "A_same_split",
  "config": {
    "test_size": 0.15,
    "val_size": 0.15,
    "random_state": 42,
    "viral_quantile": 0.75
  },
  "results": {
    "classification": {
      "pos_rate_train": 0.251963963963964,
      "pos_rate_test": 0.25189171010593575,
      "chosen_threshold": 0.6,
      "val_best_f1_macro": 0.6319366339276292,
      "mlp": {
        "accuracy": 0.7212039683874222,
        "f1_macro": 0.628146870605514,
        "confusion_matrix": [
          [
            3632,
            817
          ],
          [
            841,
            657
          ]
        ]
      },
      "train_history": {
        "train_loss": [
          1.3190679550170898,
          1.274812936782837,
          1.256456732749939,
          1.2473750114440918,
          1.2381021976470947,
          1.2282227277755737,
          1.2219856977462769,
          1.2128714323043823,
          1.2071274518966675,
          1.2002564668655396,
          1.1928517818450928,
          1.1859464645385742,
          1.1790958642959595,
          1.1735265254974365,
          1.1653426885604858,
          1.152795672416687,
          1.1470962762832642,
          1.1521869897842407,
          1.1333656311035156,
          1.1281754970550537,
          1.1179430484771729,
          1.1161597967147827,
          1.1017982959747314,
          1.1006335020065308,
          1.0815743207931519,
          1.085878849029541,
          1.073900580406189,
          1.066519021987915,
          1.0578182935714722,
          1.0539706945419312
        ],
        "val_loss": [
          0.6340080499649048,
          0.6327064633369446,
          0.6313813328742981,
          0.6248393058776855,
          0.6302338242530823,
          0.6272649765014648,
          0.6211086511611938,
          0.628275454044342,
          0.6310095191001892,
          0.6256206631660461,
          0.6260466575622559,
          0.6296713352203369,
          0.6278815269470215,
          0.6206561326980591,
          0.6149753928184509,
          0.6276631951332092,
          0.6276347041130066,
          0.6254693269729614,
          0.6298002004623413,
          0.6327338218688965,
          0.6266096234321594,
          0.6286432147026062,
          0.6304035782814026,
          0.6266376972198486,
          0.6268278956413269,
          0.6284371614456177,
          0.6240718960762024,
          0.6314164400100708,
          0.6271129846572876,
          0.6227651834487915
        ]
      }
    },
    "regression": {
      "mlp": {
        "r2_y1": 0.15652853062723004,
        "rmse_y1": 0.8508174611763941,
        "mae_y1": 0.6272863431283318,
        "r2_y2": 0.15895755880180418,
        "rmse_y2": 0.8306483164918784,
        "mae_y2": 0.6211796923252678,
        "r2_y3": 0.19300208394448704,
        "rmse_y3": 0.25838251719596167,
        "mae_y3": 0.2172006666007291,
        "r2_mean": 0.16949605779117374
      },
      "train_history": {
        "train_loss": [
          0.9235623478889465,
          0.888412356376648,
          0.8520277142524719,
          0.8423900008201599,
          0.8337622284889221,
          0.8268618583679199,
          0.818846583366394,
          0.8194029331207275,
          0.8146851062774658,
          0.8103475570678711,
          0.8041796088218689,
          0.8143033385276794,
          0.8034418821334839,
          0.7875272631645203,
          0.7813566327095032,
          0.7792592644691467,
          0.7716338634490967,
          0.7673758268356323,
          0.7662861347198486,
          0.7631227374076843,
          0.7520639896392822,
          0.7455678582191467,
          0.7427521347999573,
          0.7483500838279724,
          0.7343583703041077
        ],
        "val_loss": [
          0.854454517364502,
          0.8430386185646057,
          0.8365179896354675,
          0.8325698375701904,
          0.8275438547134399,
          0.8261345028877258,
          0.8260474801063538,
          0.8288147449493408,
          0.8253662586212158,
          0.8246907591819763,
          0.8284057378768921,
          0.8280578255653381,
          0.8271346688270569,
          0.8291680812835693,
          0.8279473185539246,
          0.827000617980957,
          0.8337222337722778,
          0.8348451852798462,
          0.8335680961608887,
          0.8357086777687073,
          0.8367489576339722,
          0.8394052982330322,
          0.8402241468429565,
          0.8404467105865479,
          0.8460174202919006
        ]
      }
    }
  }
}